A,freq,pos1
data1,0.067,0.9665
data2,0.1,0.883
data3,0.233,0.7164999999999999
data4,0.267,0.4664999999999999
data5,0.167,0.24949999999999994
data6,0.033,0.14949999999999997
data7,0.133,0.0665
