Age,Height,position
1,73.9,0.965425283054178
2,84.7,0.8912229811921025
3,92.7,0.8082249461963132
4,101.7,0.7172733227285487
7,119.1,0.6139702442219519
8,122.2,0.5010760737344437
15,157.5,0.37021615046317957
16,158.4,0.22241976232806215
17,158.5,0.07415551604753434
